{"0": {"n_tot_dose1": 3133148, "n_tot_dose2": 1705894, "rate_dose1": 4.709777185900811, "rate_dose2": 2.5643157114713624}, "24": {"n_tot_dose1": 26182, "n_tot_dose2": 6180, "rate_dose1": 0.2187699467146197, "rate_dose2": 0.0516384642386506}, "29": {"n_tot_dose1": 47905, "n_tot_dose2": 15931, "rate_dose1": 1.238922306989457, "rate_dose2": 0.4120085851716736}, "39": {"n_tot_dose1": 130492, "n_tot_dose2": 54131, "rate_dose1": 1.5897898290828523, "rate_dose2": 0.6594803761003267}, "49": {"n_tot_dose1": 191286, "n_tot_dose2": 90427, "rate_dose1": 2.1732205099773245, "rate_dose2": 1.0273507264291135}, "59": {"n_tot_dose1": 436313, "n_tot_dose2": 263860, "rate_dose1": 4.986603545286049, "rate_dose2": 3.015645216757642}, "64": {"n_tot_dose1": 224745, "n_tot_dose2": 113926, "rate_dose1": 5.515603184813262, "rate_dose2": 2.7959269769429156}, "69": {"n_tot_dose1": 139781, "n_tot_dose2": 75244, "rate_dose1": 3.5819900326164267, "rate_dose2": 1.9281823567880505}, "74": {"n_tot_dose1": 157666, "n_tot_dose2": 84386, "rate_dose1": 5.589341871709527, "rate_dose2": 2.9915276799441872}, "79": {"n_tot_dose1": 566979, "n_tot_dose2": 305534, "rate_dose1": 25.979764358933586, "rate_dose2": 13.999991752150281}, "80": {"n_tot_dose1": 1211238, "n_tot_dose2": 696130, "rate_dose1": 30.18660177614865, "rate_dose2": 17.349025620423365}}