{"0": {"n_tot_dose1": 2540522, "n_tot_dose2": 1127413, "rate_dose1": 3.8189362761922205, "rate_dose2": 1.6947376971940018}, "24": {"n_tot_dose1": 16506, "n_tot_dose2": 4517, "rate_dose1": 0.1379198205053667, "rate_dose2": 0.0377428710300946}, "29": {"n_tot_dose1": 34413, "n_tot_dose2": 12212, "rate_dose1": 0.8899913025869564, "rate_dose2": 0.3158275589803829}, "39": {"n_tot_dose1": 99498, "n_tot_dose2": 42328, "rate_dose1": 1.2121885511302275, "rate_dose2": 0.5156839031160452}, "49": {"n_tot_dose1": 150252, "n_tot_dose2": 71229, "rate_dose1": 1.7070288890201724, "rate_dose2": 0.8092402146794576}, "59": {"n_tot_dose1": 333780, "n_tot_dose2": 219647, "rate_dose1": 3.814758055216274, "rate_dose2": 2.510336636569263}, "64": {"n_tot_dose1": 147027, "n_tot_dose2": 92252, "rate_dose1": 3.6082786689516544, "rate_dose2": 2.2640122138663497}, "69": {"n_tot_dose1": 105432, "n_tot_dose2": 55212, "rate_dose1": 2.70177186540957, "rate_dose2": 1.414847752418557}, "74": {"n_tot_dose1": 127677, "n_tot_dose2": 55657, "rate_dose1": 4.52621619216735, "rate_dose2": 1.973069657083563}, "79": {"n_tot_dose1": 478620, "n_tot_dose2": 157833, "rate_dose1": 21.93103239709548, "rate_dose2": 7.23212702421706}, "80": {"n_tot_dose1": 1046891, "n_tot_dose2": 416459, "rate_dose1": 26.09072842829735, "rate_dose2": 10.379035325091428}}