{"0": {"n_tot_dose2": 1037261, "taux": 1.5592203731278134}, "24": {"n_tot_dose2": 4154, "taux": 0.03470973793646513}, "29": {"n_tot_dose2": 11394, "taux": 0.29467238839031124}, "39": {"n_tot_dose2": 39597, "taux": 0.48241200887559166}, "49": {"n_tot_dose2": 66885, "taux": 0.7598875704956625}, "59": {"n_tot_dose2": 209545, "taux": 2.39488128911347}, "64": {"n_tot_dose2": 87785, "taux": 2.1543848609705774}, "69": {"n_tot_dose2": 51815, "taux": 1.327797150828941}, "74": {"n_tot_dose2": 51069, "taux": 1.8104226659288234}, "79": {"n_tot_dose2": 138856, "taux": 6.362574557124834}, "80": {"n_tot_dose2": 376104, "taux": 9.373303739163251}}