{"0": {"n_tot_dose1": 9294279, "n_tot_dose2": 3108894, "rate_dose1": 13.97124655253981, "rate_dose2": 4.6733183477396905}, "24": {"n_tot_dose1": 83273, "n_tot_dose2": 11634, "rate_dose1": 0.695807416269442, "rate_dose2": 0.0972106622900422}, "29": {"n_tot_dose1": 122044, "n_tot_dose2": 25982, "rate_dose1": 3.156310072731889, "rate_dose2": 0.6719482179354983}, "39": {"n_tot_dose1": 329111, "n_tot_dose2": 86293, "rate_dose1": 4.009573923606708, "rate_dose2": 1.0513114499053313}, "49": {"n_tot_dose1": 475975, "n_tot_dose2": 138360, "rate_dose1": 5.4076023976477945, "rate_dose2": 1.5719226172352525}, "59": {"n_tot_dose1": 1165402, "n_tot_dose2": 346621, "rate_dose1": 13.319332096186576, "rate_dose2": 3.9615173223594002}, "64": {"n_tot_dose1": 824077, "n_tot_dose2": 163231, "rate_dose1": 20.22417284358432, "rate_dose2": 4.005950848562831}, "69": {"n_tot_dose1": 901770, "n_tot_dose2": 140858, "rate_dose1": 23.108513687214405, "rate_dose2": 3.6095889428054235}, "74": {"n_tot_dose1": 1319499, "n_tot_dose2": 187502, "rate_dose1": 46.77692724099583, "rate_dose2": 6.647043621511799}, "79": {"n_tot_dose1": 1484577, "n_tot_dose2": 660422, "rate_dose1": 68.02537771715102, "rate_dose2": 30.261452253885317}, "80": {"n_tot_dose1": 2586879, "n_tot_dose2": 1347645, "rate_dose1": 64.47047253808225, "rate_dose2": 33.58615148353821}}