{"0": {"n_tot_dose1": 2603522, "n_tot_dose2": 1234666, "rate_dose1": 3.9136384615699136, "rate_dose2": 1.855961403357713}, "24": {"n_tot_dose1": 17653, "n_tot_dose2": 4781, "rate_dose1": 0.147503852622152, "rate_dose2": 0.03994878600727968}, "29": {"n_tot_dose1": 36209, "n_tot_dose2": 12755, "rate_dose1": 0.9364395744448644, "rate_dose2": 0.32987066121804637}, "39": {"n_tot_dose1": 103670, "n_tot_dose2": 44363, "rate_dose1": 1.263016212342667, "rate_dose2": 0.5404763984581624}, "49": {"n_tot_dose1": 155682, "n_tot_dose2": 74489, "rate_dose1": 1.7687196942499168, "rate_dose2": 0.8462774200291755}, "59": {"n_tot_dose1": 339736, "n_tot_dose2": 228435, "rate_dose1": 3.8828289371650677, "rate_dose2": 2.6107743314258793}, "64": {"n_tot_dose1": 150136, "n_tot_dose2": 96541, "rate_dose1": 3.6845785212357276, "rate_dose2": 2.3692711609382076}, "69": {"n_tot_dose1": 108280, "n_tot_dose2": 58896, "rate_dose1": 2.7747539417496423, "rate_dose2": 1.5092529382460929}, "74": {"n_tot_dose1": 131639, "n_tot_dose2": 60809, "rate_dose1": 4.666671157066014, "rate_dose2": 2.1557107421814754}, "79": {"n_tot_dose1": 490752, "n_tot_dose2": 186638, "rate_dose1": 22.48693746801095, "rate_dose2": 8.552012085849114}, "80": {"n_tot_dose1": 1069326, "n_tot_dose2": 466880, "rate_dose1": 26.649855875461235, "rate_dose2": 11.635632829591113}}