{"0": {"n_tot_dose1": 3772019, "n_tot_dose2": 1920233, "rate_dose1": 5.670134009304505, "rate_dose2": 2.8865120878470703}, "24": {"n_tot_dose1": 32561, "n_tot_dose2": 7100, "rate_dose1": 0.27207120292470915, "rate_dose2": 0.059325743704598595}, "29": {"n_tot_dose1": 56405, "n_tot_dose2": 17505, "rate_dose1": 1.4587498742457017, "rate_dose2": 0.452715478214183}, "39": {"n_tot_dose1": 152480, "n_tot_dose2": 59409, "rate_dose1": 1.857670609221663, "rate_dose2": 0.7237824844127086}, "49": {"n_tot_dose1": 222832, "n_tot_dose2": 98741, "rate_dose1": 2.531617957818485, "rate_dose2": 1.1218069611768284}, "59": {"n_tot_dose1": 549738, "n_tot_dose2": 278779, "rate_dose1": 6.282933260706105, "rate_dose2": 3.1861538614510687}, "64": {"n_tot_dose1": 315448, "n_tot_dose2": 121590, "rate_dose1": 7.741600451369213, "rate_dose2": 2.9840138434289734}, "69": {"n_tot_dose1": 200751, "n_tot_dose2": 83384, "rate_dose1": 5.144390732916352, "rate_dose2": 2.136775791271262}, "74": {"n_tot_dose1": 221251, "n_tot_dose2": 96220, "rate_dose1": 7.843463260675127, "rate_dose2": 3.411049147539042}, "79": {"n_tot_dose1": 659795, "n_tot_dose2": 358757, "rate_dose1": 30.232722244038303, "rate_dose2": 16.43874344925991}, "80": {"n_tot_dose1": 1360062, "n_tot_dose2": 798566, "rate_dose1": 33.89560927321657, "rate_dose2": 19.901946466319508}}