{"0": {"n_tot_dose1": 2973786, "n_tot_dose2": 1586815, "rate_dose1": 4.470222746755411, "rate_dose2": 2.385315052223896}, "24": {"n_tot_dose1": 23945, "n_tot_dose2": 5843, "rate_dose1": 0.20007815957839606, "rate_dose2": 0.04882258034731963}, "29": {"n_tot_dose1": 44946, "n_tot_dose2": 15206, "rate_dose1": 1.1623964515175473, "rate_dose2": 0.39325858678805287}, "39": {"n_tot_dose1": 123597, "n_tot_dose2": 51839, "rate_dose1": 1.5057877379851126, "rate_dose2": 0.6315568383489096}, "49": {"n_tot_dose1": 182261, "n_tot_dose2": 86821, "rate_dose1": 2.0706865289094707, "rate_dose2": 0.9863825784257143}, "59": {"n_tot_dose1": 412304, "n_tot_dose2": 255991, "rate_dose1": 4.712205660009258, "rate_dose2": 2.925710735552967}, "64": {"n_tot_dose1": 205959, "n_tot_dose2": 109849, "rate_dose1": 5.0545645791495, "rate_dose2": 2.6958708502905613}, "69": {"n_tot_dose1": 130316, "n_tot_dose2": 71144, "rate_dose1": 3.339442507139328, "rate_dose2": 1.8231168676748857}, "74": {"n_tot_dose1": 148601, "n_tot_dose2": 78204, "rate_dose1": 5.267982897250563, "rate_dose2": 2.772372558035162}, "79": {"n_tot_dose1": 538957, "n_tot_dose2": 273018, "rate_dose1": 24.695757443569814, "rate_dose2": 12.510063522189235}, "80": {"n_tot_dose1": 1162370, "n_tot_dose2": 638769, "rate_dose1": 28.968708302201474, "rate_dose2": 15.919468700576349}}